[{"gradeId":1,"value":8,"appId":12,"date":"2024-02-06","subjectId":1},{"gradeId":2,"value":9,"appId":16,"date":"2024-02-06","subjectId":2},{"gradeId":3,"value":8,"appId":7,"date":"2024-02-06","subjectId":2},{"gradeId":4,"value":5,"appId":5,"date":"2024-02-06","subjectId":2},{"gradeId":5,"value":9,"appId":7,"date":"2024-02-06","subjectId":2},{"gradeId":6,"value":7,"appId":12,"date":"2024-02-06","subjectId":2},{"gradeId":1,"value":7,"appId":7,"date":"","subjectId":2},{"gradeId":1,"value":8,"appId":17,"date":"","subjectId":2},{"gradeId":1,"value":10,"appId":18,"date":"","subjectId":3},{"gradeId":1,"value":7,"appId":19,"date":"","subjectId":3},{"gradeId":1,"value":9,"appId":8,"date":"","subjectId":3},{"gradeId":1,"value":6,"appId":8,"date":"","subjectId":3},{"gradeId":1,"value":8,"appId":19,"date":"2024-09-10","subjectId":3},{"gradeId":1,"value":7,"appId":4,"date":"2-24-02-06","subjectId":3},{"gradeId":1,"value":9,"appId":13,"date":"2024-02-06","subjectId":3},{"gradeId":123,"value":9,"appId":4,"date":"2024-02-07","subjectId":1},{"gradeId":8,"value":8,"appId":4,"date":"2024-02-07","subjectId":1}]